[{"model": "admin.logentry", "pk": 1, "fields": {"action_time": "2025-09-09T09:07:50.902Z", "user": 2, "content_type": 4, "object_id": "4", "object_repr": "Mukiibi", "action_flag": 1, "change_message": "[{\"added\": {}}]"}}, {"model": "admin.logentry", "pk": 2, "fields": {"action_time": "2025-09-09T09:07:56.519Z", "user": 2, "content_type": 11, "object_id": "2", "object_repr": "Mukiibi Mike ()", "action_flag": 1, "change_message": "[{\"added\": {}}]"}}, {"model": "admin.logentry", "pk": 3, "fields": {"action_time": "2025-09-09T12:46:55.373Z", "user": 2, "content_type": 4, "object_id": "6", "object_repr": "Kabenge", "action_flag": 1, "change_message": "[{\"added\": {}}]"}}, {"model": "admin.logentry", "pk": 4, "fields": {"action_time": "2025-09-09T12:47:39.017Z", "user": 2, "content_type": 4, "object_id": "7", "object_repr": "Lubowa", "action_flag": 1, "change_message": "[{\"added\": {}}]"}}, {"model": "admin.logentry", "pk": 5, "fields": {"action_time": "2025-09-09T12:48:46.263Z", "user": 2, "content_type": 11, "object_id": "4", "object_repr": "Kabenge Adam (EN-2025-0004)", "action_flag": 1, "change_message": "[{\"added\": {}}]"}}, {"model": "admin.logentry", "pk": 6, "fields": {"action_time": "2025-09-09T12:49:46.053Z", "user": 2, "content_type": 11, "object_id": "5", "object_repr": "Lubowa Martin (EN-2025-0005)", "action_flag": 1, "change_message": "[{\"added\": {}}]"}}, {"model": "admin.logentry", "pk": 7, "fields": {"action_time": "2025-09-10T08:28:16.202Z", "user": 2, "content_type": 8, "object_id": "3", "object_repr": "John Doe (+256701234567)", "action_flag": 3, "change_message": ""}}, {"model": "admin.logentry", "pk": 8, "fields": {"action_time": "2025-09-10T08:28:29.230Z", "user": 2, "content_type": 8, "object_id": "5", "object_repr": "Bob TestRider (+256700999888)", "action_flag": 3, "change_message": ""}}, {"model": "admin.logentry", "pk": 9, "fields": {"action_time": "2025-09-10T08:29:16.262Z", "user": 2, "content_type": 8, "object_id": "8", "object_repr": "Test SingleDevice (+256700000999)", "action_flag": 3, "change_message": ""}}, {"model": "admin.logentry", "pk": 10, "fields": {"action_time": "2025-09-10T08:29:47.356Z", "user": 2, "content_type": 8, "object_id": "1", "object_repr": "Alice Rider (+256700123456)", "action_flag": 3, "change_message": ""}}, {"model": "admin.logentry", "pk": 11, "fields": {"action_time": "2025-09-11T12:45:53.247Z", "user": 2, "content_type": 13, "object_id": "3", "object_repr": "762ee28b1164021d291dfd5acf21ce3570d3a58c", "action_flag": 1, "change_message": "[{\"added\": {}}]"}}, {"model": "admin.logentry", "pk": 12, "fields": {"action_time": "2025-09-13T17:28:13.385Z", "user": 2, "content_type": 8, "object_id": "6", "object_repr": "kintu samba (+2560753109660)", "action_flag": 3, "change_message": ""}}, {"model": "admin.logentry", "pk": 13, "fields": {"action_time": "2025-09-13T17:29:17.973Z", "user": 2, "content_type": 8, "object_id": "21", "object_repr": "orihi mmeme (+256786951112)", "action_flag": 3, "change_message": ""}}, {"model": "admin.logentry", "pk": 14, "fields": {"action_time": "2025-09-13T17:29:17.973Z", "user": 2, "content_type": 8, "object_id": "20", "object_repr": "opio doo (+256789000123)", "action_flag": 3, "change_message": ""}}, {"model": "admin.logentry", "pk": 15, "fields": {"action_time": "2025-09-13T17:29:17.974Z", "user": 2, "content_type": 8, "object_id": "19", "object_repr": "Test User (+256789000124)", "action_flag": 3, "change_message": ""}}, {"model": "admin.logentry", "pk": 16, "fields": {"action_time": "2025-09-13T17:29:17.974Z", "user": 2, "content_type": 8, "object_id": "2", "object_repr": "kimuli agnes (+256771381941)", "action_flag": 3, "change_message": ""}}, {"model": "admin.logentry", "pk": 17, "fields": {"action_time": "2025-09-13T18:04:26.313Z", "user": 2, "content_type": 4, "object_id": "14", "object_repr": "testadmin", "action_flag": 3, "change_message": ""}}, {"model": "admin.logentry", "pk": 18, "fields": {"action_time": "2025-09-13T18:04:26.313Z", "user": 2, "content_type": 4, "object_id": "5", "object_repr": "test_enum", "action_flag": 3, "change_message": ""}}, {"model": "admin.logentry", "pk": 19, "fields": {"action_time": "2025-09-14T10:03:31.063Z", "user": 2, "content_type": 16, "object_id": "10", "object_repr": "E Library (0 sessions)", "action_flag": 1, "change_message": "[{\"added\": {}}]"}}, {"model": "auth.permission", "pk": 1, "fields": {"name": "Can add log entry", "content_type": 1, "codename": "add_logentry"}}, {"model": "auth.permission", "pk": 2, "fields": {"name": "Can change log entry", "content_type": 1, "codename": "change_logentry"}}, {"model": "auth.permission", "pk": 3, "fields": {"name": "Can delete log entry", "content_type": 1, "codename": "delete_logentry"}}, {"model": "auth.permission", "pk": 4, "fields": {"name": "Can view log entry", "content_type": 1, "codename": "view_logentry"}}, {"model": "auth.permission", "pk": 5, "fields": {"name": "Can add permission", "content_type": 2, "codename": "add_permission"}}, {"model": "auth.permission", "pk": 6, "fields": {"name": "Can change permission", "content_type": 2, "codename": "change_permission"}}, {"model": "auth.permission", "pk": 7, "fields": {"name": "Can delete permission", "content_type": 2, "codename": "delete_permission"}}, {"model": "auth.permission", "pk": 8, "fields": {"name": "Can view permission", "content_type": 2, "codename": "view_permission"}}, {"model": "auth.permission", "pk": 9, "fields": {"name": "Can add group", "content_type": 3, "codename": "add_group"}}, {"model": "auth.permission", "pk": 10, "fields": {"name": "Can change group", "content_type": 3, "codename": "change_group"}}, {"model": "auth.permission", "pk": 11, "fields": {"name": "Can delete group", "content_type": 3, "codename": "delete_group"}}, {"model": "auth.permission", "pk": 12, "fields": {"name": "Can view group", "content_type": 3, "codename": "view_group"}}, {"model": "auth.permission", "pk": 13, "fields": {"name": "Can add user", "content_type": 4, "codename": "add_user"}}, {"model": "auth.permission", "pk": 14, "fields": {"name": "Can change user", "content_type": 4, "codename": "change_user"}}, {"model": "auth.permission", "pk": 15, "fields": {"name": "Can delete user", "content_type": 4, "codename": "delete_user"}}, {"model": "auth.permission", "pk": 16, "fields": {"name": "Can view user", "content_type": 4, "codename": "view_user"}}, {"model": "auth.permission", "pk": 17, "fields": {"name": "Can add content type", "content_type": 5, "codename": "add_contenttype"}}, {"model": "auth.permission", "pk": 18, "fields": {"name": "Can change content type", "content_type": 5, "codename": "change_contenttype"}}, {"model": "auth.permission", "pk": 19, "fields": {"name": "Can delete content type", "content_type": 5, "codename": "delete_contenttype"}}, {"model": "auth.permission", "pk": 20, "fields": {"name": "Can view content type", "content_type": 5, "codename": "view_contenttype"}}, {"model": "auth.permission", "pk": 21, "fields": {"name": "Can add session", "content_type": 6, "codename": "add_session"}}, {"model": "auth.permission", "pk": 22, "fields": {"name": "Can change session", "content_type": 6, "codename": "change_session"}}, {"model": "auth.permission", "pk": 23, "fields": {"name": "Can delete session", "content_type": 6, "codename": "delete_session"}}, {"model": "auth.permission", "pk": 24, "fields": {"name": "Can view session", "content_type": 6, "codename": "view_session"}}, {"model": "auth.permission", "pk": 25, "fields": {"name": "Can add lesson", "content_type": 7, "codename": "add_lesson"}}, {"model": "auth.permission", "pk": 26, "fields": {"name": "Can change lesson", "content_type": 7, "codename": "change_lesson"}}, {"model": "auth.permission", "pk": 27, "fields": {"name": "Can delete lesson", "content_type": 7, "codename": "delete_lesson"}}, {"model": "auth.permission", "pk": 28, "fields": {"name": "Can view lesson", "content_type": 7, "codename": "view_lesson"}}, {"model": "auth.permission", "pk": 29, "fields": {"name": "Can add rider", "content_type": 8, "codename": "add_rider"}}, {"model": "auth.permission", "pk": 30, "fields": {"name": "Can change rider", "content_type": 8, "codename": "change_rider"}}, {"model": "auth.permission", "pk": 31, "fields": {"name": "Can delete rider", "content_type": 8, "codename": "delete_rider"}}, {"model": "auth.permission", "pk": 32, "fields": {"name": "Can view rider", "content_type": 8, "codename": "view_rider"}}, {"model": "auth.permission", "pk": 33, "fields": {"name": "Can add rider progress", "content_type": 9, "codename": "add_riderprogress"}}, {"model": "auth.permission", "pk": 34, "fields": {"name": "Can change rider progress", "content_type": 9, "codename": "change_riderprogress"}}, {"model": "auth.permission", "pk": 35, "fields": {"name": "Can delete rider progress", "content_type": 9, "codename": "delete_riderprogress"}}, {"model": "auth.permission", "pk": 36, "fields": {"name": "Can view rider progress", "content_type": 9, "codename": "view_riderprogress"}}, {"model": "auth.permission", "pk": 37, "fields": {"name": "Can add rider application", "content_type": 10, "codename": "add_riderapplication"}}, {"model": "auth.permission", "pk": 38, "fields": {"name": "Can change rider application", "content_type": 10, "codename": "change_riderapplication"}}, {"model": "auth.permission", "pk": 39, "fields": {"name": "Can delete rider application", "content_type": 10, "codename": "delete_riderapplication"}}, {"model": "auth.permission", "pk": 40, "fields": {"name": "Can view rider application", "content_type": 10, "codename": "view_riderapplication"}}, {"model": "auth.permission", "pk": 41, "fields": {"name": "Can add enumerator", "content_type": 11, "codename": "add_enumerator"}}, {"model": "auth.permission", "pk": 42, "fields": {"name": "Can change enumerator", "content_type": 11, "codename": "change_enumerator"}}, {"model": "auth.permission", "pk": 43, "fields": {"name": "Can delete enumerator", "content_type": 11, "codename": "delete_enumerator"}}, {"model": "auth.permission", "pk": 44, "fields": {"name": "Can view enumerator", "content_type": 11, "codename": "view_enumerator"}}, {"model": "auth.permission", "pk": 45, "fields": {"name": "Can add Token", "content_type": 12, "codename": "add_token"}}, {"model": "auth.permission", "pk": 46, "fields": {"name": "Can change Token", "content_type": 12, "codename": "change_token"}}, {"model": "auth.permission", "pk": 47, "fields": {"name": "Can delete Token", "content_type": 12, "codename": "delete_token"}}, {"model": "auth.permission", "pk": 48, "fields": {"name": "Can view Token", "content_type": 12, "codename": "view_token"}}, {"model": "auth.permission", "pk": 49, "fields": {"name": "Can add Token", "content_type": 13, "codename": "add_tokenproxy"}}, {"model": "auth.permission", "pk": 50, "fields": {"name": "Can change Token", "content_type": 13, "codename": "change_tokenproxy"}}, {"model": "auth.permission", "pk": 51, "fields": {"name": "Can delete Token", "content_type": 13, "codename": "delete_tokenproxy"}}, {"model": "auth.permission", "pk": 52, "fields": {"name": "Can view Token", "content_type": 13, "codename": "view_tokenproxy"}}, {"model": "auth.permission", "pk": 53, "fields": {"name": "Can add id access log", "content_type": 14, "codename": "add_idaccesslog"}}, {"model": "auth.permission", "pk": 54, "fields": {"name": "Can change id access log", "content_type": 14, "codename": "change_idaccesslog"}}, {"model": "auth.permission", "pk": 55, "fields": {"name": "Can delete id access log", "content_type": 14, "codename": "delete_idaccesslog"}}, {"model": "auth.permission", "pk": 56, "fields": {"name": "Can view id access log", "content_type": 14, "codename": "view_idaccesslog"}}, {"model": "auth.permission", "pk": 57, "fields": {"name": "Can add photo verification result", "content_type": 15, "codename": "add_photoverificationresult"}}, {"model": "auth.permission", "pk": 58, "fields": {"name": "Can change photo verification result", "content_type": 15, "codename": "change_photoverificationresult"}}, {"model": "auth.permission", "pk": 59, "fields": {"name": "Can delete photo verification result", "content_type": 15, "codename": "delete_photoverificationresult"}}, {"model": "auth.permission", "pk": 60, "fields": {"name": "Can view photo verification result", "content_type": 15, "codename": "view_photoverificationresult"}}, {"model": "auth.permission", "pk": 61, "fields": {"name": "Can add digital literacy module", "content_type": 16, "codename": "add_digitalliteracymodule"}}, {"model": "auth.permission", "pk": 62, "fields": {"name": "Can change digital literacy module", "content_type": 16, "codename": "change_digitalliteracymodule"}}, {"model": "auth.permission", "pk": 63, "fields": {"name": "Can delete digital literacy module", "content_type": 16, "codename": "delete_digitalliteracymodule"}}, {"model": "auth.permission", "pk": 64, "fields": {"name": "Can view digital literacy module", "content_type": 16, "codename": "view_digitalliteracymodule"}}, {"model": "auth.permission", "pk": 65, "fields": {"name": "Can add session attendance", "content_type": 17, "codename": "add_sessionattendance"}}, {"model": "auth.permission", "pk": 66, "fields": {"name": "Can change session attendance", "content_type": 17, "codename": "change_sessionattendance"}}, {"model": "auth.permission", "pk": 67, "fields": {"name": "Can delete session attendance", "content_type": 17, "codename": "delete_sessionattendance"}}, {"model": "auth.permission", "pk": 68, "fields": {"name": "Can view session attendance", "content_type": 17, "codename": "view_sessionattendance"}}, {"model": "auth.permission", "pk": 69, "fields": {"name": "Can add post session assessment", "content_type": 18, "codename": "add_postsessionassessment"}}, {"model": "auth.permission", "pk": 70, "fields": {"name": "Can change post session assessment", "content_type": 18, "codename": "change_postsessionassessment"}}, {"model": "auth.permission", "pk": 71, "fields": {"name": "Can delete post session assessment", "content_type": 18, "codename": "delete_postsessionassessment"}}, {"model": "auth.permission", "pk": 72, "fields": {"name": "Can view post session assessment", "content_type": 18, "codename": "view_postsessionassessment"}}, {"model": "auth.permission", "pk": 73, "fields": {"name": "Can add digital skills points", "content_type": 19, "codename": "add_digitalskillspoints"}}, {"model": "auth.permission", "pk": 74, "fields": {"name": "Can change digital skills points", "content_type": 19, "codename": "change_digitalskillspoints"}}, {"model": "auth.permission", "pk": 75, "fields": {"name": "Can delete digital skills points", "content_type": 19, "codename": "delete_digitalskillspoints"}}, {"model": "auth.permission", "pk": 76, "fields": {"name": "Can view digital skills points", "content_type": 19, "codename": "view_digitalskillspoints"}}, {"model": "auth.permission", "pk": 77, "fields": {"name": "Can add attendance verification", "content_type": 20, "codename": "add_attendanceverification"}}, {"model": "auth.permission", "pk": 78, "fields": {"name": "Can change attendance verification", "content_type": 20, "codename": "change_attendanceverification"}}, {"model": "auth.permission", "pk": 79, "fields": {"name": "Can delete attendance verification", "content_type": 20, "codename": "delete_attendanceverification"}}, {"model": "auth.permission", "pk": 80, "fields": {"name": "Can view attendance verification", "content_type": 20, "codename": "view_attendanceverification"}}, {"model": "auth.permission", "pk": 81, "fields": {"name": "Can add session schedule", "content_type": 21, "codename": "add_sessionschedule"}}, {"model": "auth.permission", "pk": 82, "fields": {"name": "Can change session schedule", "content_type": 21, "codename": "change_sessionschedule"}}, {"model": "auth.permission", "pk": 83, "fields": {"name": "Can delete session schedule", "content_type": 21, "codename": "delete_sessionschedule"}}, {"model": "auth.permission", "pk": 84, "fields": {"name": "Can view session schedule", "content_type": 21, "codename": "view_sessionschedule"}}, {"model": "auth.permission", "pk": 85, "fields": {"name": "Can add training session", "content_type": 22, "codename": "add_trainingsession"}}, {"model": "auth.permission", "pk": 86, "fields": {"name": "Can change training session", "content_type": 22, "codename": "change_trainingsession"}}, {"model": "auth.permission", "pk": 87, "fields": {"name": "Can delete training session", "content_type": 22, "codename": "delete_trainingsession"}}, {"model": "auth.permission", "pk": 88, "fields": {"name": "Can view training session", "content_type": 22, "codename": "view_trainingsession"}}, {"model": "auth.permission", "pk": 89, "fields": {"name": "Can add digital literacy progress", "content_type": 23, "codename": "add_digitalliteracyprogress"}}, {"model": "auth.permission", "pk": 90, "fields": {"name": "Can change digital literacy progress", "content_type": 23, "codename": "change_digitalliteracyprogress"}}, {"model": "auth.permission", "pk": 91, "fields": {"name": "Can delete digital literacy progress", "content_type": 23, "codename": "delete_digitalliteracyprogress"}}, {"model": "auth.permission", "pk": 92, "fields": {"name": "Can view digital literacy progress", "content_type": 23, "codename": "view_digitalliteracyprogress"}}, {"model": "auth.permission", "pk": 93, "fields": {"name": "Can add Boda Boda Stage", "content_type": 24, "codename": "add_stage"}}, {"model": "auth.permission", "pk": 94, "fields": {"name": "Can change Boda Boda Stage", "content_type": 24, "codename": "change_stage"}}, {"model": "auth.permission", "pk": 95, "fields": {"name": "Can delete Boda Boda Stage", "content_type": 24, "codename": "delete_stage"}}, {"model": "auth.permission", "pk": 96, "fields": {"name": "Can view Boda Boda Stage", "content_type": 24, "codename": "view_stage"}}, {"model": "auth.permission", "pk": 97, "fields": {"name": "Can add stage rider assignment", "content_type": 25, "codename": "add_stageriderassignment"}}, {"model": "auth.permission", "pk": 98, "fields": {"name": "Can change stage rider assignment", "content_type": 25, "codename": "change_stageriderassignment"}}, {"model": "auth.permission", "pk": 99, "fields": {"name": "Can delete stage rider assignment", "content_type": 25, "codename": "delete_stageriderassignment"}}, {"model": "auth.permission", "pk": 100, "fields": {"name": "Can view stage rider assignment", "content_type": 25, "codename": "view_stageriderassignment"}}, {"model": "auth.permission", "pk": 101, "fields": {"name": "Can add notification schedule", "content_type": 26, "codename": "add_notificationschedule"}}, {"model": "auth.permission", "pk": 102, "fields": {"name": "Can change notification schedule", "content_type": 26, "codename": "change_notificationschedule"}}, {"model": "auth.permission", "pk": 103, "fields": {"name": "Can delete notification schedule", "content_type": 26, "codename": "delete_notificationschedule"}}, {"model": "auth.permission", "pk": 104, "fields": {"name": "Can view notification schedule", "content_type": 26, "codename": "view_notificationschedule"}}, {"model": "auth.user", "pk": 1, "fields": {"password": "pbkdf2_sha256$1000000$kZYHgNDPeXOkosqRdGtNeZ$S05tuvsKE8SmLa/NjbU61pwpjeFgu5tX9seW+N6iUXY=", "last_login": null, "is_superuser": true, "username": "katende", "first_name": "", "last_name": "", "email": "katendechris5@gmail.com", "is_staff": true, "is_active": true, "date_joined": "2025-09-04T12:35:48.010Z", "groups": [], "user_permissions": []}}, {"model": "auth.user", "pk": 2, "fields": {"password": "pbkdf2_sha256$1000000$fVe5GG3IO4a04ZBFkFdddR$yhenWRAMlS3wSqomNcL1SUOEhT/MKgRIMEpk+gtDscE=", "last_login": "2025-09-25T09:24:10.992Z", "is_superuser": true, "username": "admin", "first_name": "", "last_name": "", "email": "admin@digitalboda.com", "is_staff": true, "is_active": true, "date_joined": "2025-09-08T10:54:30.309Z", "groups": [], "user_permissions": []}}, {"model": "auth.user", "pk": 3, "fields": {"password": "pbkdf2_sha256$1000000$xMqfwsJ8Wdm6IYvb79WDc3$HlItznW/3967T3rzU/p7zBIuZW0BwaYSH9HSrx9vf/w=", "last_login": null, "is_superuser": false, "username": "enum001", "first_name": "John", "last_name": "Enumerator", "email": "", "is_staff": false, "is_active": true, "date_joined": "2025-09-08T13:47:30.581Z", "groups": [], "user_permissions": []}}, {"model": "auth.user", "pk": 4, "fields": {"password": "pbkdf2_sha256$1000000$csBMw3yntLr6URUCw0tJ8B$sIdqZy+jep6aqNVIWjleASVDjVLBnrMVnBHXYg+FW7k=", "last_login": null, "is_superuser": false, "username": "Mukiibi", "first_name": "Mukiibi", "last_name": "Mike", "email": "", "is_staff": false, "is_active": true, "date_joined": "2025-09-09T09:07:49.971Z", "groups": [], "user_permissions": []}}, {"model": "auth.user", "pk": 6, "fields": {"password": "pbkdf2_sha256$1000000$9N3vHnUYmLYeu0OYfdFJ43$06OOpyo1IIYiGMTzuAcjojublUh9ULL6lDgvSRjO+Q8=", "last_login": null, "is_superuser": false, "username": "Kabenge", "first_name": "", "last_name": "", "email": "", "is_staff": false, "is_active": true, "date_joined": "2025-09-09T12:46:54.420Z", "groups": [], "user_permissions": []}}, {"model": "auth.user", "pk": 7, "fields": {"password": "pbkdf2_sha256$1000000$pTgdV7q3UjUV75Hx0U9M7a$mIcQoNw0/qX8v+qw9xL2cQmVnNhaMz+8WVgohE+M4vg=", "last_login": null, "is_superuser": false, "username": "Lubowa", "first_name": "", "last_name": "", "email": "", "is_staff": false, "is_active": true, "date_joined": "2025-09-09T12:47:38.039Z", "groups": [], "user_permissions": []}}, {"model": "auth.user", "pk": 15, "fields": {"password": "", "last_login": null, "is_superuser": false, "username": "rider_+256774523416", "first_name": "muto", "last_name": "nyo", "email": "", "is_staff": false, "is_active": true, "date_joined": "2025-09-11T12:07:33.259Z", "groups": [], "user_permissions": []}}, {"model": "auth.user", "pk": 16, "fields": {"password": "", "last_login": null, "is_superuser": false, "username": "rider_+256777345678", "first_name": "Kato", "last_name": "Adam", "email": "", "is_staff": false, "is_active": true, "date_joined": "2025-09-12T08:41:37.706Z", "groups": [], "user_permissions": []}}, {"model": "auth.user", "pk": 17, "fields": {"password": "pbkdf2_sha256$1000000$vpNKhcqZi34B7w5uKb7IVU$PjpYRsua+quX2MQprTuvefdeREHVW4z0l2wlH5zbY1g=", "last_login": null, "is_superuser": false, "username": "enum_123456789", "first_name": "Test", "last_name": "User", "email": "", "is_staff": false, "is_active": true, "date_joined": "2025-09-13T22:08:36.433Z", "groups": [], "user_permissions": []}}, {"model": "auth.user", "pk": 18, "fields": {"password": "pbkdf2_sha256$1000000$jeIwkMQeBjvMgmuWkG2hXm$uDHvhcXxBgFEk6lHb3vSP7Yu+ufB9UefPo8pmn4gjEk=", "last_login": null, "is_superuser": false, "username": "enum_07531609610", "first_name": "Gru", "last_name": "kevin", "email": "", "is_staff": false, "is_active": true, "date_joined": "2025-09-13T22:09:01.367Z", "groups": [], "user_permissions": []}}, {"model": "auth.user", "pk": 19, "fields": {"password": "pbkdf2_sha256$1000000$xlNZG4j3FODOLK99AW6Lc1$l3dOIQdn901Ml7ZQIMLY5rSXmsaIVv+kbaMtLBkfpps=", "last_login": "2025-09-16T08:34:21.550Z", "is_superuser": true, "username": "testadmin", "first_name": "", "last_name": "", "email": "", "is_staff": true, "is_active": true, "date_joined": "2025-09-16T08:34:20.080Z", "groups": [], "user_permissions": []}}, {"model": "contenttypes.contenttype", "pk": 1, "fields": {"app_label": "admin", "model": "logentry"}}, {"model": "contenttypes.contenttype", "pk": 2, "fields": {"app_label": "auth", "model": "permission"}}, {"model": "contenttypes.contenttype", "pk": 3, "fields": {"app_label": "auth", "model": "group"}}, {"model": "contenttypes.contenttype", "pk": 4, "fields": {"app_label": "auth", "model": "user"}}, {"model": "contenttypes.contenttype", "pk": 5, "fields": {"app_label": "contenttypes", "model": "contenttype"}}, {"model": "contenttypes.contenttype", "pk": 6, "fields": {"app_label": "sessions", "model": "session"}}, {"model": "contenttypes.contenttype", "pk": 7, "fields": {"app_label": "riders", "model": "lesson"}}, {"model": "contenttypes.contenttype", "pk": 8, "fields": {"app_label": "riders", "model": "rider"}}, {"model": "contenttypes.contenttype", "pk": 9, "fields": {"app_label": "riders", "model": "riderprogress"}}, {"model": "contenttypes.contenttype", "pk": 10, "fields": {"app_label": "riders", "model": "riderapplication"}}, {"model": "contenttypes.contenttype", "pk": 11, "fields": {"app_label": "riders", "model": "enumerator"}}, {"model": "contenttypes.contenttype", "pk": 12, "fields": {"app_label": "authtoken", "model": "token"}}, {"model": "contenttypes.contenttype", "pk": 13, "fields": {"app_label": "authtoken", "model": "tokenproxy"}}, {"model": "contenttypes.contenttype", "pk": 14, "fields": {"app_label": "riders", "model": "idaccesslog"}}, {"model": "contenttypes.contenttype", "pk": 15, "fields": {"app_label": "riders", "model": "photoverificationresult"}}, {"model": "contenttypes.contenttype", "pk": 16, "fields": {"app_label": "riders", "model": "digitalliteracymodule"}}, {"model": "contenttypes.contenttype", "pk": 17, "fields": {"app_label": "riders", "model": "sessionattendance"}}, {"model": "contenttypes.contenttype", "pk": 18, "fields": {"app_label": "riders", "model": "postsessionassessment"}}, {"model": "contenttypes.contenttype", "pk": 19, "fields": {"app_label": "riders", "model": "digitalskillspoints"}}, {"model": "contenttypes.contenttype", "pk": 20, "fields": {"app_label": "riders", "model": "attendanceverification"}}, {"model": "contenttypes.contenttype", "pk": 21, "fields": {"app_label": "riders", "model": "sessionschedule"}}, {"model": "contenttypes.contenttype", "pk": 22, "fields": {"app_label": "riders", "model": "trainingsession"}}, {"model": "contenttypes.contenttype", "pk": 23, "fields": {"app_label": "riders", "model": "digitalliteracyprogress"}}, {"model": "contenttypes.contenttype", "pk": 24, "fields": {"app_label": "riders", "model": "stage"}}, {"model": "contenttypes.contenttype", "pk": 25, "fields": {"app_label": "riders", "model": "stageriderassignment"}}, {"model": "contenttypes.contenttype", "pk": 26, "fields": {"app_label": "riders", "model": "notificationschedule"}}, {"model": "sessions.session", "pk": "4bdd4je0y65mpr664ni3yx6qai52p63l", "fields": {"session_data": ".eJxVjEEOwiAQRe_C2hBmKFhduvcMBGYGqRpISrsy3l2bdKHb_977LxXiupSwdpnDxOqsUB1-txTpIXUDfI_11jS1usxT0puid9r1tbE8L7v7d1BiL9_aIBubKOdjFnSCDNFYJPQwjN5F4iFbFgBLyTtzQsoWDFjk7MbkQdT7A-xHN9w:1uwz6w:UaU8hQttcaGZhtUItRZfb2PlV_P0rcBjz6fDI7u1pCs", "expire_date": "2025-09-26T08:26:26.635Z"}}, {"model": "sessions.session", "pk": "cm9090ojodt36vx6v831h5zifphl4txx", "fields": {"session_data": ".eJxVjEEOwiAQRe_C2hBmKFhduvcMBGYGqRpISrsy3l2bdKHb_977LxXiupSwdpnDxOqsUB1-txTpIXUDfI_11jS1usxT0puid9r1tbE8L7v7d1BiL9_aIBubKOdjFnSCDNFYJPQwjN5F4iFbFgBLyTtzQsoWDFjk7MbkQdT7A-xHN9w:1v1JwA:sS-GVvJZB4Fn7ijVME9396P88X_mjP-YT7DNR6VBGyg", "expire_date": "2025-10-08T07:29:14.621Z"}}, {"model": "sessions.session", "pk": "hxl7mos4cnry29pfe3latc5ymzntb8nw", "fields": {"session_data": ".eJxVjEEOwiAQRe_C2hBmKFhduvcMBGYGqRpISrsy3l2bdKHb_977LxXiupSwdpnDxOqsUB1-txTpIXUDfI_11jS1usxT0puid9r1tbE8L7v7d1BiL9_aIBubKOdjFnSCDNFYJPQwjN5F4iFbFgBLyTtzQsoWDFjk7MbkQdT7A-xHN9w:1uvZqJ:bLGzX2AHhnOjfdfR985jsppdv9-hVqCKPVjUNzoNNVs", "expire_date": "2025-09-22T11:15:27.659Z"}}, {"model": "sessions.session", "pk": "iyohe3y6gz2znb4h3y0fwwgem8v6euz0", "fields": {"session_data": ".eJxVjEEOwiAQRe_C2hBmKFhduvcMBGYGqRpISrsy3l2bdKHb_977LxXiupSwdpnDxOqsUB1-txTpIXUDfI_11jS1usxT0puid9r1tbE8L7v7d1BiL9_aIBubKOdjFnSCDNFYJPQwjN5F4iFbFgBLyTtzQsoWDFjk7MbkQdT7A-xHN9w:1uvbcr:KGK7vwd39YULe_sHbE1Y1t9DOVmR4ovrXOmMXPOQUMI", "expire_date": "2025-09-22T13:09:41.494Z"}}, {"model": "sessions.session", "pk": "m6thtwldj5w27vqkqd5oeml6d1df63xu", "fields": {"session_data": ".eJxVjEEOwiAQRe_C2hAUhgGX7j0DGWaoVA1NSrsy3l2bdKHb_977L5VoXWpae5nTKOqsjlEdfsdM_ChtI3Kndps0T22Zx6w3Re-06-sk5XnZ3b-DSr1-a08cXEEkjpkhBuvlJDwwofFCiGKAEKzJiBAsM0PwhQCG4NA6cur9ASOIOFE:1uyR8n:mFDpvYRMgRReKWXTLvRYqRRermDDnFpiyl0LSaGC5-0", "expire_date": "2025-09-30T08:34:21.561Z"}}, {"model": "sessions.session", "pk": "mzzalzc65s2o8oypc79uwf75iskxzj57", "fields": {"session_data": ".eJxVjEEOwiAQRe_C2hBmKFhduvcMBGYGqRpISrsy3l2bdKHb_977LxXiupSwdpnDxOqsUB1-txTpIXUDfI_11jS1usxT0puid9r1tbE8L7v7d1BiL9_aIBubKOdjFnSCDNFYJPQwjN5F4iFbFgBLyTtzQsoWDFjk7MbkQdT7A-xHN9w:1v1iCx:QGlGj7MkAERpFBF11b9A326PxJ-IINVQyURrlhNheZA", "expire_date": "2025-10-09T09:24:11.026Z"}}, {"model": "sessions.session", "pk": "nkg8s47v26qfw7t13262t5m457v5s4ji", "fields": {"session_data": ".eJxVjEEOwiAQRe_C2hBmKFhduvcMBGYGqRpISrsy3l2bdKHb_977LxXiupSwdpnDxOqsUB1-txTpIXUDfI_11jS1usxT0puid9r1tbE8L7v7d1BiL9_aIBubKOdjFnSCDNFYJPQwjN5F4iFbFgBLyTtzQsoWDFjk7MbkQdT7A-xHN9w:1uwgaA:sH6kPU9KDw-tUbXgoymTJ2X27j0oa6axmp7JM0ushLY", "expire_date": "2025-09-25T12:39:22.815Z"}}, {"model": "sessions.session", "pk": "s705ero8tpij0jfrmekhm8h011ti8v46", "fields": {"session_data": ".eJxVjEEOwiAQRe_C2hBmKFhduvcMBGYGqRpISrsy3l2bdKHb_977LxXiupSwdpnDxOqsUB1-txTpIXUDfI_11jS1usxT0puid9r1tbE8L7v7d1BiL9_aIBubKOdjFnSCDNFYJPQwjN5F4iFbFgBLyTtzQsoWDFjk7MbkQdT7A-xHN9w:1v1K83:3NIZImMP3UYyB7uZRpcwAGpdvHEPB0dCu4I9zZ4jaXg", "expire_date": "2025-10-08T07:41:31.575Z"}}, {"model": "authtoken.token", "pk": "2a61651a26ad880a2a73818b0baac4fb6dd5dceb", "fields": {"user": 16, "created": "2025-09-12T08:41:37.726Z"}}, {"model": "authtoken.token", "pk": "73e552a25b43d1bbbf2b5421b589ba59001dccaf", "fields": {"user": 15, "created": "2025-09-11T12:07:33.317Z"}}, {"model": "authtoken.token", "pk": "762ee28b1164021d291dfd5acf21ce3570d3a58c", "fields": {"user": 3, "created": "2025-09-11T12:45:53.246Z"}}, {"model": "authtoken.token", "pk": "94ffd5d7a8637bdb2c35ee79f17eab2dfcbfd3bd", "fields": {"user": 1, "created": "2025-09-13T18:48:29.973Z"}}, {"model": "authtoken.token", "pk": "9747b478ad547e33cd4a4cbb95f10580cbc5a47e", "fields": {"user": 2, "created": "2025-09-11T12:08:43.577Z"}}, {"model": "riders.enumerator", "pk": 1, "fields": {"user": 3, "unique_id": "EN-2025-0001", "first_name": "John", "last_name": "Enumerator", "phone_number": "+256700000001", "gender": null, "status": "ACTIVE", "location": "Kampala", "assigned_region": "Central", "approved_by": null, "approved_at": "2025-09-08T13:47:31.630Z", "created_at": "2025-09-08T13:47:31.633Z", "updated_at": "2025-09-08T13:47:31.679Z"}}, {"model": "riders.enumerator", "pk": 2, "fields": {"user": 4, "unique_id": "EN-2025-0002", "first_name": "Mukiibi", "last_name": "Mike", "phone_number": "0771381941", "gender": "M", "status": "ACTIVE", "location": "Kawempe", "assigned_region": "Mukono", "approved_by": null, "approved_at": null, "created_at": "2025-09-09T09:07:56.518Z", "updated_at": "2025-09-24T13:36:40.902Z"}}, {"model": "riders.enumerator", "pk": 4, "fields": {"user": 6, "unique_id": "EN-2025-0004", "first_name": "Kabenge", "last_name": "Adam", "phone_number": "0774590875", "gender": null, "status": "ACTIVE", "location": "Mukono", "assigned_region": "Mukono", "approved_by": null, "approved_at": null, "created_at": "2025-09-09T12:48:46.262Z", "updated_at": "2025-09-09T12:48:46.262Z"}}, {"model": "riders.enumerator", "pk": 5, "fields": {"user": 7, "unique_id": "EN-2025-0005", "first_name": "Lubowa", "last_name": "Martin", "phone_number": "0789807894", "gender": null, "status": "ACTIVE", "location": "Entebbe", "assigned_region": "Wakiso", "approved_by": null, "approved_at": null, "created_at": "2025-09-09T12:49:46.052Z", "updated_at": "2025-09-09T12:49:46.052Z"}}, {"model": "riders.enumerator", "pk": 6, "fields": {"user": 17, "unique_id": "EN-2025-0006", "first_name": "Test", "last_name": "User", "phone_number": "123456789", "gender": "M", "status": "ACTIVE", "location": "Test Location", "assigned_region": "Test Region", "approved_by": 2, "approved_at": "2025-09-13T22:08:38.128Z", "created_at": "2025-09-13T22:08:38.141Z", "updated_at": "2025-09-13T22:36:32.840Z"}}, {"model": "riders.enumerator", "pk": 7, "fields": {"user": 18, "unique_id": "EN-2025-0007", "first_name": "Gru", "last_name": "kevin", "phone_number": "07531609610", "gender": "F", "status": "ACTIVE", "location": "mukono", "assigned_region": "mukono", "approved_by": 2, "approved_at": "2025-09-13T22:09:02.706Z", "created_at": "2025-09-13T22:09:02.710Z", "updated_at": "2025-09-13T22:09:02.710Z"}}, {"model": "riders.rider", "pk": 4, "fields": {"phone_number": "+256753109660", "first_name": "fan", "last_name": "axel", "fcm_token": "faAz3tNITdSKhdCQXaNGYr:APA91bFe4yBVh8qJxlTaa9SY4r7MebxJziljXI7QlvDglnhoASDSEV6A2tmfn1WhwqXLp3MDUkd-aJf0VwqjEFsA6XntXxN8TmI-IPTOaOhmIH41ywaXhEc", "assigned_enumerator": 2, "enumerator_id_input": "EN-2025-0002", "status": "APPROVED", "unique_id": "DB-2025-0012", "profile_photo": "profiles/scaled_Screenshot_20250915-070338_Threads_10AXB3o.jpg", "age": 29, "location": "kalerwe", "experience_level": "NEW", "national_id_photo": "documents/scaled_IMG-20250911-WA0001_RdJBuJH.jpg", "national_id_number": "CM010HFJGSJ0U", "national_id_hash": null, "id_verification_status": "PENDING", "id_verified_at": null, "id_verified_by": null, "id_last_accessed": null, "id_access_count": 0, "photo_verification_status": "PENDING", "face_match_score": null, "photo_verified_at": null, "photo_verified_by": null, "approved_by": 2, "approved_at": "2025-09-24T09:40:53.276Z", "rejection_reason": "", "points": 0, "created_at": "2025-09-08T09:29:26.201Z", "updated_at": "2025-09-24T09:40:53.276Z"}}, {"model": "riders.rider", "pk": 9, "fields": {"phone_number": "+256700007896", "first_name": "opio", "last_name": "alan", "fcm_token": "faAz3tNITdSKhdCQXaNGYr:APA91bFe4yBVh8qJxlTaa9SY4r7MebxJziljXI7QlvDglnhoASDSEV6A2tmfn1WhwqXLp3MDUkd-aJf0VwqjEFsA6XntXxN8TmI-IPTOaOhmIH41ywaXhEc", "assigned_enumerator": 2, "enumerator_id_input": "EN-2025-0002", "status": "REJECTED", "unique_id": "DB-2025-0005", "profile_photo": "profiles/scaled_Screenshot_20250915-070338_Threads_JF7M9lH.jpg", "age": 41, "location": "kalmpa", "experience_level": "EXPERIENCED", "national_id_photo": "documents/scaled_IMG-20250911-WA0001_YY2d8im.jpg", "national_id_number": "Cmhru4jrj9204u", "national_id_hash": null, "id_verification_status": "PENDING", "id_verified_at": null, "id_verified_by": null, "id_last_accessed": null, "id_access_count": 0, "photo_verification_status": "PENDING", "face_match_score": null, "photo_verified_at": null, "photo_verified_by": null, "approved_by": 2, "approved_at": "2025-09-10T08:10:47.040Z", "rejection_reason": "wrong nin", "points": 0, "created_at": "2025-09-10T08:09:47.974Z", "updated_at": "2025-09-15T09:42:08.940Z"}}, {"model": "riders.rider", "pk": 10, "fields": {"phone_number": "+256777345678", "first_name": "Kato", "last_name": "Adam", "fcm_token": "test_auto_nav_token_1757504367", "assigned_enumerator": 2, "enumerator_id_input": "EN-2025-0002", "status": "APPROVED", "unique_id": "DB-2025-0010", "profile_photo": "", "age": 25, "location": "ntinda", "experience_level": "NEW", "national_id_photo": "", "national_id_number": "wudhxud899", "national_id_hash": null, "id_verification_status": "PENDING", "id_verified_at": null, "id_verified_by": null, "id_last_accessed": null, "id_access_count": 0, "photo_verification_status": "PENDING", "face_match_score": null, "photo_verified_at": null, "photo_verified_by": null, "approved_by": 2, "approved_at": "2025-09-12T04:59:59.058Z", "rejection_reason": "", "points": 0, "created_at": "2025-09-10T08:40:43.290Z", "updated_at": "2025-09-12T04:59:59.059Z"}}, {"model": "riders.rider", "pk": 11, "fields": {"phone_number": "+256750987654", "first_name": "Moses", "last_name": "Maato", "fcm_token": "faAz3tNITdSKhdCQXaNGYr:APA91bFe4yBVh8qJxlTaa9SY4r7MebxJziljXI7QlvDglnhoASDSEV6A2tmfn1WhwqXLp3MDUkd-aJf0VwqjEFsA6XntXxN8TmI-IPTOaOhmIH41ywaXhEc", "assigned_enumerator": 4, "enumerator_id_input": "EN-2025-0004", "status": "APPROVED", "unique_id": "DB-2025-0007", "profile_photo": "", "age": 32, "location": "Jinja", "experience_level": "EXPERIENCED", "national_id_photo": "", "national_id_number": "cntgudh4556", "national_id_hash": null, "id_verification_status": "PENDING", "id_verified_at": null, "id_verified_by": null, "id_last_accessed": null, "id_access_count": 0, "photo_verification_status": "PENDING", "face_match_score": null, "photo_verified_at": null, "photo_verified_by": null, "approved_by": 4, "approved_at": "2025-09-10T11:55:27.367Z", "rejection_reason": "", "points": 0, "created_at": "2025-09-10T11:51:59.965Z", "updated_at": "2025-09-10T11:55:27.368Z"}}, {"model": "riders.rider", "pk": 12, "fields": {"phone_number": "+256774523416", "first_name": "muto", "last_name": "nyo", "fcm_token": "faAz3tNITdSKhdCQXaNGYr:APA91bFe4yBVh8qJxlTaa9SY4r7MebxJziljXI7QlvDglnhoASDSEV6A2tmfn1WhwqXLp3MDUkd-aJf0VwqjEFsA6XntXxN8TmI-IPTOaOhmIH41ywaXhEc", "assigned_enumerator": 4, "enumerator_id_input": "EN-2025-0004", "status": "APPROVED", "unique_id": "DB-2025-0008", "profile_photo": "profiles/test_profile_ZJWnjSo.jpg", "age": 26, "location": "luso", "experience_level": "EXPERIENCED", "national_id_photo": "documents/test_id_nTvKc7H.jpg", "national_id_number": "3467976", "national_id_hash": null, "id_verification_status": "PENDING", "id_verified_at": null, "id_verified_by": null, "id_last_accessed": null, "id_access_count": 0, "photo_verification_status": "FLAGGED", "face_match_score": 0.0, "photo_verified_at": "2025-09-11T12:08:56.967Z", "photo_verified_by": null, "approved_by": 4, "approved_at": "2025-09-10T12:03:30.295Z", "rejection_reason": "", "points": 0, "created_at": "2025-09-10T12:00:11.045Z", "updated_at": "2025-09-11T12:07:50.031Z"}}, {"model": "riders.rider", "pk": 22, "fields": {"phone_number": "+256771381912", "first_name": "yio", "last_name": "tay", "fcm_token": null, "assigned_enumerator": 2, "enumerator_id_input": "EN-2025-0002", "status": "APPROVED", "unique_id": "DB-2025-0009", "profile_photo": "profiles/scaled_d0d62ce1-f62d-45b3-9683-3ed640f4de704884088350934376141.jpg", "age": 25, "location": "Kampala", "experience_level": "NEW", "national_id_photo": "documents/scaled_IMG-20250911-WA0001_xfnNXuU_neMTsUi.jpg", "national_id_number": "CS20TPNWEOSS77", "national_id_hash": null, "id_verification_status": "PENDING", "id_verified_at": null, "id_verified_by": null, "id_last_accessed": null, "id_access_count": 0, "photo_verification_status": "FLAGGED", "face_match_score": 0.0, "photo_verified_at": "2025-09-12T08:32:54.287Z", "photo_verified_by": null, "approved_by": null, "approved_at": "2025-09-13T18:01:07.829Z", "rejection_reason": "not your pic", "points": 0, "created_at": "2025-09-12T06:29:25.481Z", "updated_at": "2025-09-13T18:01:07.829Z"}}, {"model": "riders.rider", "pk": 23, "fields": {"phone_number": "+256760987654", "first_name": "kiko", "last_name": "abby", "fcm_token": null, "assigned_enumerator": 2, "enumerator_id_input": "EN-2025-0002", "status": "REGISTERED", "unique_id": null, "profile_photo": "", "age": null, "location": "", "experience_level": "NEW", "national_id_photo": "", "national_id_number": "", "national_id_hash": null, "id_verification_status": "PENDING", "id_verified_at": null, "id_verified_by": null, "id_last_accessed": null, "id_access_count": 0, "photo_verification_status": "PENDING", "face_match_score": null, "photo_verified_at": null, "photo_verified_by": null, "approved_by": null, "approved_at": null, "rejection_reason": "", "points": 0, "created_at": "2025-09-15T08:20:43.503Z", "updated_at": "2025-09-15T08:20:43.503Z"}}, {"model": "riders.rider", "pk": 24, "fields": {"phone_number": "+256760978654", "first_name": "kiko", "last_name": "nad", "fcm_token": null, "assigned_enumerator": 2, "enumerator_id_input": "EN-2025-0002", "status": "APPROVED", "unique_id": "DB-2025-0011", "profile_photo": "profiles/scaled_Screenshot_20250915-070338_Threads_RxooX0z.jpg", "age": 23, "location": "mali", "experience_level": "EXPERIENCED", "national_id_photo": "documents/scaled_IMG-20250911-WA0001_4OL96hQ.jpg", "national_id_number": "CM0105210TPNWF", "national_id_hash": null, "id_verification_status": "PENDING", "id_verified_at": null, "id_verified_by": null, "id_last_accessed": null, "id_access_count": 0, "photo_verification_status": "PENDING", "face_match_score": null, "photo_verified_at": null, "photo_verified_by": null, "approved_by": 2, "approved_at": "2025-09-15T09:42:53.017Z", "rejection_reason": "", "points": 0, "created_at": "2025-09-15T08:45:05.220Z", "updated_at": "2025-09-15T09:42:53.017Z"}}, {"model": "riders.rider", "pk": 25, "fields": {"phone_number": "+256760986756", "first_name": "jemba", "last_name": "mike", "fcm_token": null, "assigned_enumerator": 2, "enumerator_id_input": "EN-2025-0002", "status": "APPROVED", "unique_id": "DB-2025-0013", "profile_photo": "profiles/scaled_Screenshot_20250915-070338_Threads_2Imu2e9.jpg", "age": 25, "location": "ntinda", "experience_level": "EXPERIENCED", "national_id_photo": "documents/scaled_IMG-20250911-WA0001_EJckYvU.jpg", "national_id_number": "CM13FUFF56895", "national_id_hash": null, "id_verification_status": "PENDING", "id_verified_at": null, "id_verified_by": null, "id_last_accessed": null, "id_access_count": 0, "photo_verification_status": "PENDING", "face_match_score": null, "photo_verified_at": null, "photo_verified_by": null, "approved_by": 2, "approved_at": "2025-09-24T12:44:42.578Z", "rejection_reason": "", "points": 0, "created_at": "2025-09-24T12:40:38.877Z", "updated_at": "2025-09-24T12:44:42.578Z"}}, {"model": "riders.rider", "pk": 26, "fields": {"phone_number": "+256700998765", "first_name": "allan", "last_name": "Okello", "fcm_token": null, "assigned_enumerator": 2, "enumerator_id_input": "EN-2025-0002", "status": "APPROVED", "unique_id": "DB-2025-0014", "profile_photo": "profiles/scaled_Screenshot_20250915-070338_Threads_cvy2Gi8.jpg", "age": 26, "location": "Ntinda", "experience_level": "NEW", "national_id_photo": "documents/scaled_IMG-20250911-WA0001_LFIxAYh.jpg", "national_id_number": "CM089FKFHD889", "national_id_hash": null, "id_verification_status": "PENDING", "id_verified_at": null, "id_verified_by": null, "id_last_accessed": null, "id_access_count": 0, "photo_verification_status": "PENDING", "face_match_score": null, "photo_verified_at": null, "photo_verified_by": null, "approved_by": 2, "approved_at": "2025-09-24T13:28:03.012Z", "rejection_reason": "", "points": 0, "created_at": "2025-09-24T13:25:04.553Z", "updated_at": "2025-09-24T13:28:03.013Z"}}, {"model": "riders.rider", "pk": 27, "fields": {"phone_number": "+256780987654", "first_name": "muthie", "last_name": "mark", "fcm_token": null, "assigned_enumerator": 2, "enumerator_id_input": "EN-2025-0002", "status": "APPROVED", "unique_id": "DB-2025-0015", "profile_photo": "profiles/scaled_Screenshot_20250915-070338_Threads_prkeZcC.jpg", "age": 36, "location": "kisasi", "experience_level": "EXPERIENCED", "national_id_photo": "documents/scaled_IMG-20250911-WA0001_iQCrkfA.jpg", "national_id_number": "CM37RJFJFJSG90", "national_id_hash": null, "id_verification_status": "PENDING", "id_verified_at": null, "id_verified_by": null, "id_last_accessed": null, "id_access_count": 0, "photo_verification_status": "PENDING", "face_match_score": null, "photo_verified_at": null, "photo_verified_by": null, "approved_by": null, "approved_at": "2025-09-24T13:39:37.534Z", "rejection_reason": "", "points": 0, "created_at": "2025-09-24T13:36:49.421Z", "updated_at": "2025-09-24T13:39:37.535Z"}}, {"model": "riders.photoverificationresult", "pk": 1, "fields": {"rider": 12, "verified_by": 2, "photo_type": "PROFILE", "verification_status": "FLAGGED", "is_authentic": true, "confidence_score": 0.6000000000000001, "face_match_score": 0.0, "verification_details": {"face_match": {"error": "No face detected in profile photo", "match": false, "confidence": 0.0}, "id_document": {"checks": {"exif": false, "quality": true, "resolution": true, "manipulation": true, "face_detected": false}, "details": {"exif": {"datetime": null, "gps_info": false, "camera_make": null, "camera_model": null, "has_camera_data": false}, "face": {"faces": [], "face_count": 0, "face_found": false}, "mode": "RGB", "format": "JPEG", "quality": {"contrast": 0.1453650479781187, "sharpness": 1.0, "brightness": 0.970924068627451, "good_quality": true, "overall_score": 0.6494247006679454}, "resolution": "600x400", "manipulation": {"reasons": [], "suspicious": false, "aspect_ratio": 1.5}}, "warnings": ["No camera metadata found"], "authentic": true, "confidence": 0.6000000000000001}, "id_extraction": {"success": true, "raw_text": "DS\n", "confidence": 0.0, "parsed_info": {"sex": null, "name": null, "id_number": null, "date_of_birth": null}}, "profile_photo": {"checks": {"exif": false, "quality": true, "resolution": true, "manipulation": true, "face_detected": false}, "details": {"exif": {"datetime": null, "gps_info": false, "camera_make": null, "camera_model": null, "has_camera_data": false}, "face": {"faces": [], "face_count": 0, "face_found": false}, "mode": "RGB", "format": "JPEG", "quality": {"contrast": 0.052034776943237375, "sharpness": 1.0, "brightness": 0.8034215294117647, "good_quality": true, "overall_score": 0.6549261272006183}, "resolution": "400x500", "manipulation": {"reasons": [], "suspicious": false, "aspect_ratio": 0.8}}, "warnings": ["No camera metadata found"], "authentic": true, "confidence": 0.6000000000000001}, "id_cross_verification": null}, "warnings": ["No camera metadata found"], "rejection_reason": "", "reviewer_notes": "", "created_at": "2025-09-11T12:08:57.038Z", "verified_at": null}}, {"model": "riders.photoverificationresult", "pk": 3, "fields": {"rider": 22, "verified_by": 1, "photo_type": "PROFILE", "verification_status": "FLAGGED", "is_authentic": true, "confidence_score": 0.8500000000000001, "face_match_score": 0.0, "verification_details": {"face_match": {"error": "No face detected in profile photo", "match": false, "confidence": 0.0}, "id_document": {"checks": {"exif": false, "quality": true, "resolution": true, "manipulation": true, "face_detected": false}, "details": {"exif": {"datetime": null, "gps_info": false, "camera_make": null, "camera_model": null, "has_camera_data": false}, "face": {"faces": [], "face_count": 0, "face_found": false}, "mode": "RGB", "format": "JPEG", "quality": {"contrast": 0.1453650479781187, "sharpness": 1.0, "brightness": 0.970924068627451, "good_quality": true, "overall_score": 0.6494247006679454}, "resolution": "600x400", "manipulation": {"reasons": [], "suspicious": false, "aspect_ratio": 1.5}}, "warnings": ["No camera metadata found"], "authentic": true, "confidence": 0.6000000000000001}, "id_extraction": {"success": true, "raw_text": "DS\n", "confidence": 0.0, "parsed_info": {"sex": null, "name": null, "id_number": null, "date_of_birth": null}}, "profile_photo": {"checks": {"exif": true, "quality": true, "resolution": true, "manipulation": true, "face_detected": false}, "details": {"exif": {"flash": true, "datetime": "2025:09:12 09:29:42", "gps_info": false, "software": "G970USQU8IWB5", "camera_make": "samsung", "camera_model": "SM-G970U", "has_camera_data": true}, "face": {"faces": [], "face_count": 0, "face_found": false}, "mode": "RGB", "format": "JPEG", "quality": {"contrast": 0.2681966201456816, "sharpness": 1.0, "brightness": 0.4910101715686275, "good_quality": true, "overall_score": 0.77866102035743}, "resolution": "800x600", "manipulation": {"reasons": [], "suspicious": false, "aspect_ratio": 1.3333333333333333}}, "warnings": [], "authentic": true, "confidence": 0.8500000000000001}, "id_cross_verification": null}, "warnings": [], "rejection_reason": "", "reviewer_notes": "", "created_at": "2025-09-12T06:30:42.298Z", "verified_at": null}}, {"model": "riders.riderapplication", "pk": 3, "fields": {"rider": 4, "reference_number": "REF1757409852", "submitted_at": "2025-09-09T09:24:12.259Z", "reviewed_at": "2025-09-24T09:40:53.302Z", "reviewer_notes": "", "assigned_enumerator_notified": false}}, {"model": "riders.riderapplication", "pk": 7, "fields": {"rider": 9, "reference_number": "REF1757491816", "submitted_at": "2025-09-10T08:10:16.631Z", "reviewed_at": "2025-09-15T09:42:08.969Z", "reviewer_notes": "wrong nin", "assigned_enumerator_notified": false}}, {"model": "riders.riderapplication", "pk": 8, "fields": {"rider": 10, "reference_number": "REF1757493675", "submitted_at": "2025-09-10T08:41:15.148Z", "reviewed_at": "2025-09-12T04:59:59.072Z", "reviewer_notes": "", "assigned_enumerator_notified": false}}, {"model": "riders.riderapplication", "pk": 9, "fields": {"rider": 11, "reference_number": "REF1757505164", "submitted_at": "2025-09-10T11:52:44.269Z", "reviewed_at": "2025-09-10T11:55:27.433Z", "reviewer_notes": "", "assigned_enumerator_notified": false}}, {"model": "riders.riderapplication", "pk": 10, "fields": {"rider": 12, "reference_number": "REF1757505656", "submitted_at": "2025-09-10T12:00:56.784Z", "reviewed_at": "2025-09-10T12:03:30.329Z", "reviewer_notes": "", "assigned_enumerator_notified": false}}, {"model": "riders.riderapplication", "pk": 13, "fields": {"rider": 22, "reference_number": "REF1757658624", "submitted_at": "2025-09-12T06:30:24.993Z", "reviewed_at": "2025-09-13T18:01:07.843Z", "reviewer_notes": "Test approval", "assigned_enumerator_notified": false}}, {"model": "riders.riderapplication", "pk": 14, "fields": {"rider": 24, "reference_number": "REF1757927108", "submitted_at": "2025-09-15T09:05:08.519Z", "reviewed_at": "2025-09-15T09:42:53.040Z", "reviewer_notes": "", "assigned_enumerator_notified": false}}, {"model": "riders.riderapplication", "pk": 15, "fields": {"rider": 25, "reference_number": "REF1758717766", "submitted_at": "2025-09-24T12:42:46.784Z", "reviewed_at": "2025-09-24T12:44:42.590Z", "reviewer_notes": "", "assigned_enumerator_notified": false}}, {"model": "riders.riderapplication", "pk": 16, "fields": {"rider": 26, "reference_number": "REF1758720408", "submitted_at": "2025-09-24T13:26:48.921Z", "reviewed_at": "2025-09-24T13:28:03.027Z", "reviewer_notes": "", "assigned_enumerator_notified": false}}, {"model": "riders.riderapplication", "pk": 17, "fields": {"rider": 27, "reference_number": "REF1758721047", "submitted_at": "2025-09-24T13:37:27.931Z", "reviewed_at": "2025-09-24T13:39:37.564Z", "reviewer_notes": "yes", "assigned_enumerator_notified": false}}, {"model": "riders.digitalliteracymodule", "pk": 1, "fields": {"title": "Smartphone Basics & Digital Communication", "description": "Learn fundamental smartphone navigation, digital communication tools, and online safety practices essential for modern boda boda operations.", "session_count": 4, "total_duration_hours": "8.00", "points_value": 400, "icon": "", "order": 1, "is_active": true, "created_at": "2025-09-14T02:53:48.365Z"}}, {"model": "riders.digitalliteracymodule", "pk": 2, "fields": {"title": "Mobile Money & Digital Financial Services", "description": "Master mobile money platforms, digital payments, and financial security practices to enhance your business transactions.", "session_count": 3, "total_duration_hours": "7.50", "points_value": 350, "icon": "", "order": 2, "is_active": true, "created_at": "2025-09-14T02:53:48.455Z"}}, {"model": "riders.digitalliteracymodule", "pk": 3, "fields": {"title": "Ride-Hailing Apps & GPS Navigation", "description": "Learn to use ride-hailing applications, GPS navigation systems, and digital trip management for enhanced customer service.", "session_count": 3, "total_duration_hours": "6.00", "points_value": 300, "icon": "", "order": 3, "is_active": true, "created_at": "2025-09-14T02:53:48.494Z"}}, {"model": "riders.digitalliteracymodule", "pk": 4, "fields": {"title": "Digital Business Skills & Online Presence", "description": "Develop digital marketing skills, create an online business presence, and use digital tools for business growth and customer management.", "session_count": 4, "total_duration_hours": "8.00", "points_value": 400, "icon": "", "order": 4, "is_active": true, "created_at": "2025-09-14T02:53:48.539Z"}}, {"model": "riders.digitalliteracymodule", "pk": 6, "fields": {"title": "Smartphone Basics", "description": "Master the fundamentals of smartphone operation, navigation, and essential features for daily digital activities.", "session_count": 5, "total_duration_hours": "6.00", "points_value": 150, "icon": "", "order": 1, "is_active": true, "created_at": "2025-09-14T08:09:58.603Z"}}, {"model": "riders.digitalliteracymodule", "pk": 7, "fields": {"title": "Mobile Banking & Digital Payments", "description": "Learn secure mobile money transactions, banking apps, and digital payment safety practices.", "session_count": 4, "total_duration_hours": "7.00", "points_value": 200, "icon": "", "order": 2, "is_active": true, "created_at": "2025-09-14T08:09:58.941Z"}}, {"model": "riders.digitalliteracymodule", "pk": 8, "fields": {"title": "Digital Marketing for Boda Boda", "description": "Promote your boda boda services using social media, online platforms, and digital marketing strategies.", "session_count": 5, "total_duration_hours": "8.50", "points_value": 250, "icon": "", "order": 3, "is_active": true, "created_at": "2025-09-14T08:09:59.018Z"}}, {"model": "riders.digitalliteracymodule", "pk": 9, "fields": {"title": "Internet and Online Safety", "description": "Navigate the internet safely, recognize online threats, and protect personal information.", "session_count": 4, "total_duration_hours": "6.50", "points_value": 180, "icon": "", "order": 4, "is_active": true, "created_at": "2025-09-14T08:09:59.095Z"}}, {"model": "riders.digitalliteracymodule", "pk": 10, "fields": {"title": "E Library", "description": "here you shall look at various online libraries", "session_count": 0, "total_duration_hours": "0.00", "points_value": 300, "icon": "", "order": 5, "is_active": true, "created_at": "2025-09-14T10:03:31.033Z"}}, {"model": "riders.trainingsession", "pk": 1, "fields": {"module": 1, "session_number": 1, "title": "Smartphone Navigation & Basic Functions", "description": "Master the basics of smartphone operation including touch navigation, app opening, settings, and basic troubleshooting.", "duration_hours": "2.00", "learning_objectives": ["Navigate smartphone interface confidently", "Open and close applications", "Adjust basic settings (volume, brightness, wifi)", "Understand app icons and notifications"], "required_materials": ["Smartphone", "Internet connection"], "points_value": 100}}, {"model": "riders.trainingsession", "pk": 2, "fields": {"module": 1, "session_number": 2, "title": "WhatsApp & Digital Messaging", "description": "Learn to use WhatsApp for customer communication, group coordination, and business messaging.", "duration_hours": "2.00", "learning_objectives": ["Set up WhatsApp profile and privacy settings", "Send text, voice, and image messages", "Use WhatsApp for customer updates", "Manage group communications"], "required_materials": ["Smartphone with WhatsApp", "Phone number"], "points_value": 100}}, {"model": "riders.trainingsession", "pk": 3, "fields": {"module": 1, "session_number": 3, "title": "Internet Browsing & Information Search", "description": "Develop skills to search for information online, use maps, and browse websites safely.", "duration_hours": "2.00", "learning_objectives": ["Use Google search effectively", "Browse websites safely", "Find location information online", "Identify reliable vs unreliable sources"], "required_materials": ["Smartphone", "Internet data"], "points_value": 100}}, {"model": "riders.trainingsession", "pk": 4, "fields": {"module": 1, "session_number": 4, "title": "Digital Safety & Privacy Fundamentals", "description": "Learn essential digital safety practices, password management, and privacy protection.", "duration_hours": "2.00", "learning_objectives": ["Create strong passwords", "Recognize and avoid scams", "Manage app permissions", "Protect personal information online"], "required_materials": ["Smartphone", "Notebook for password tracking"], "points_value": 100}}, {"model": "riders.trainingsession", "pk": 5, "fields": {"module": 2, "session_number": 1, "title": "Mobile Money Platform Setup & Navigation", "description": "Set up and navigate MTN Mobile Money, Airtel Money, and other mobile money platforms.", "duration_hours": "2.50", "learning_objectives": ["Register for mobile money services", "Navigate mobile money menus", "Understand transaction limits", "Set up and use mobile money PINs"], "required_materials": ["Smartphone", "National ID", "SIM card"], "points_value": 125}}, {"model": "riders.trainingsession", "pk": 6, "fields": {"module": 2, "session_number": 2, "title": "Digital Payments & Transfers", "description": "Learn to send money, receive payments, and handle customer transactions digitally.", "duration_hours": "2.50", "learning_objectives": ["Send and receive money via mobile money", "Pay bills and purchase airtime", "Handle customer digital payments", "Track transaction history"], "required_materials": ["Active mobile money account", "Small amounts for practice"], "points_value": 125}}, {"model": "riders.trainingsession", "pk": 7, "fields": {"module": 2, "session_number": 3, "title": "Financial Security & Fraud Prevention", "description": "Understand digital financial security, recognize fraud attempts, and protect your mobile money accounts.", "duration_hours": "2.50", "learning_objectives": ["Recognize mobile money fraud attempts", "Secure mobile money accounts", "Report fraudulent activities", "Understand terms and conditions"], "required_materials": ["Smartphone", "Mobile money account"], "points_value": 100}}, {"model": "riders.trainingsession", "pk": 8, "fields": {"module": 3, "session_number": 1, "title": "Ride-Hailing App Registration & Setup", "description": "Register as a driver on major ride-hailing platforms and complete profile setup.", "duration_hours": "2.00", "learning_objectives": ["Download and install ride-hailing apps", "Complete driver registration process", "Upload required documents", "Set up payment and payout methods"], "required_materials": ["Smartphone", "Driver license", "Vehicle registration"], "points_value": 100}}, {"model": "riders.trainingsession", "pk": 9, "fields": {"module": 3, "session_number": 2, "title": "GPS Navigation & Map Reading", "description": "Master GPS navigation, map reading, and route optimization using smartphone applications.", "duration_hours": "2.00", "learning_objectives": ["Use Google Maps for navigation", "Find optimal routes", "Use voice navigation", "Share location with customers"], "required_materials": ["Smartphone", "Google Maps app", "Internet data"], "points_value": 100}}, {"model": "riders.trainingsession", "pk": 10, "fields": {"module": 3, "session_number": 3, "title": "Trip Management & Customer Communication", "description": "Learn to manage rides, communicate with customers, and handle trip completion through apps.", "duration_hours": "2.00", "learning_objectives": ["Accept and manage ride requests", "Communicate with customers via app", "Handle trip modifications", "Complete trips and process payments"], "required_materials": ["Active ride-hailing app account", "Smartphone"], "points_value": 100}}, {"model": "riders.trainingsession", "pk": 11, "fields": {"module": 4, "session_number": 1, "title": "Social Media for Business Promotion", "description": "Create and manage business profiles on social media platforms to attract customers.", "duration_hours": "2.00", "learning_objectives": ["Create professional Facebook business page", "Post engaging content about services", "Respond to customer inquiries", "Use hashtags effectively"], "required_materials": ["Smartphone", "Facebook app", "Business photos"], "points_value": 100}}, {"model": "riders.trainingsession", "pk": 12, "fields": {"module": 4, "session_number": 2, "title": "Online Customer Service Excellence", "description": "Master digital customer service techniques and professional online communication.", "duration_hours": "2.00", "learning_objectives": ["Write professional messages to customers", "Handle customer complaints online", "Maintain positive online reputation", "Use customer feedback for improvement"], "required_materials": ["Smartphone", "Social media accounts"], "points_value": 100}}, {"model": "riders.trainingsession", "pk": 13, "fields": {"module": 4, "session_number": 3, "title": "Digital Marketing & Customer Acquisition", "description": "Learn digital marketing basics to grow your customer base and increase bookings.", "duration_hours": "2.00", "learning_objectives": ["Create promotional content", "Use WhatsApp Status for marketing", "Build customer referral networks", "Track marketing effectiveness"], "required_materials": ["Smartphone", "WhatsApp", "Camera for content"], "points_value": 100}}, {"model": "riders.trainingsession", "pk": 14, "fields": {"module": 4, "session_number": 4, "title": "Digital Record Keeping & Business Analytics", "description": "Use digital tools for tracking income, expenses, and analyzing business performance.", "duration_hours": "2.00", "learning_objectives": ["Track daily income using smartphone apps", "Record expenses digitally", "Analyze business patterns", "Set and track financial goals"], "required_materials": ["Smartphone", "Spreadsheet or tracking app"], "points_value": 100}}, {"model": "riders.trainingsession", "pk": 15, "fields": {"module": 6, "session_number": 1, "title": "Getting Started with Your Phone", "description": "Learn to power on, unlock, and navigate your smartphone interface", "duration_hours": "1.50", "learning_objectives": ["Power on and unlock smartphone", "Navigate home screen and menus", "Understand basic touch gestures", "Customize basic settings"], "required_materials": ["Android smartphone", "Charger", "Practice cards with common icons"], "points_value": 30}}, {"model": "riders.trainingsession", "pk": 16, "fields": {"module": 6, "session_number": 2, "title": "Making Calls and Contacts", "description": "Master voice calling, contact management, and emergency features", "duration_hours": "1.00", "learning_objectives": ["Make and receive voice calls", "Add and organize contacts", "Use emergency calling features", "Manage call history"], "required_materials": ["Android smartphone", "SIM card with airtime", "Emergency contact list"], "points_value": 25}}, {"model": "riders.trainingsession", "pk": 17, "fields": {"module": 6, "session_number": 3, "title": "Text Messaging Essentials", "description": "Send and receive SMS messages, manage conversations", "duration_hours": "1.00", "learning_objectives": ["Compose and send SMS messages", "Read and reply to messages", "Organize message conversations", "Use predictive text input"], "required_materials": ["Android smartphone", "Practice message templates", "Contact for messaging practice"], "points_value": 25}}, {"model": "riders.trainingsession", "pk": 18, "fields": {"module": 6, "session_number": 4, "title": "Apps and App Store", "description": "Download, install, and manage mobile applications", "duration_hours": "1.50", "learning_objectives": ["Navigate Google Play Store", "Download and install apps", "Update and uninstall apps", "Understand app permissions"], "required_materials": ["Android smartphone", "Google account", "Wi-Fi connection", "List of recommended apps"], "points_value": 35}}, {"model": "riders.trainingsession", "pk": 19, "fields": {"module": 6, "session_number": 5, "title": "Photos and Camera", "description": "Take photos, manage gallery, and share images", "duration_hours": "1.00", "learning_objectives": ["Take and review photos", "Organize photo gallery", "Share photos via messaging", "Delete and manage storage"], "required_materials": ["Android smartphone", "Good lighting for photos", "Objects for photo practice"], "points_value": 35}}, {"model": "riders.trainingsession", "pk": 20, "fields": {"module": 7, "session_number": 1, "title": "Mobile Money Basics", "description": "Introduction to mobile money services and basic transactions", "duration_hours": "2.00", "learning_objectives": ["Understand mobile money services", "Register for mobile money account", "Send and receive money", "Check account balance"], "required_materials": ["Android smartphone", "National ID", "Mobile money agent location", "Practice transaction amounts"], "points_value": 50}}, {"model": "riders.trainingsession", "pk": 21, "fields": {"module": 7, "session_number": 2, "title": "Digital Banking Safety", "description": "Security practices for safe mobile banking and fraud prevention", "duration_hours": "1.50", "learning_objectives": ["Recognize fraud attempts", "Create secure PINs", "Safely use banking apps", "Protect personal information"], "required_materials": ["Android smartphone", "Banking app examples", "Security scenario cards", "PIN creation guidelines"], "points_value": 40}}, {"model": "riders.trainingsession", "pk": 22, "fields": {"module": 7, "session_number": 3, "title": "Bill Payments and Utilities", "description": "Pay bills, buy airtime, and manage utility payments digitally", "duration_hours": "1.50", "learning_objectives": ["Pay electricity bills via mobile", "Purchase airtime and data", "Pay water and other utilities", "Keep transaction records"], "required_materials": ["Android smartphone", "Utility bill examples", "Account numbers for practice", "Transaction history tracking sheet"], "points_value": 45}}, {"model": "riders.trainingsession", "pk": 23, "fields": {"module": 7, "session_number": 4, "title": "Advanced Banking Features", "description": "Loans, savings, and investment options through mobile banking", "duration_hours": "2.00", "learning_objectives": ["Explore mobile loan options", "Set up automatic savings", "Understand investment products", "Plan financial goals digitally"], "required_materials": ["Android smartphone", "Banking apps with full features", "Financial planning worksheets", "Investment option comparisons"], "points_value": 65}}, {"model": "riders.trainingsession", "pk": 24, "fields": {"module": 8, "session_number": 1, "title": "Social Media for Business", "description": "Create business profiles on Facebook, WhatsApp Business, and Instagram", "duration_hours": "2.00", "learning_objectives": ["Create Facebook business page", "Set up WhatsApp Business", "Post engaging business content", "Interact with customers online"], "required_materials": ["Android smartphone", "Business photos and info", "Wi-Fi connection", "Sample social media posts"], "points_value": 60}}, {"model": "riders.trainingsession", "pk": 25, "fields": {"module": 8, "session_number": 2, "title": "Online Customer Service", "description": "Manage customer inquiries and bookings through digital channels", "duration_hours": "1.50", "learning_objectives": ["Respond to customer messages", "Handle booking requests", "Manage customer complaints", "Build customer relationships"], "required_materials": ["Android smartphone", "Customer service script templates", "Booking management system", "Response time guidelines"], "points_value": 45}}, {"model": "riders.trainingsession", "pk": 26, "fields": {"module": 8, "session_number": 3, "title": "Digital Advertising", "description": "Create and manage online advertisements for your boda boda services", "duration_hours": "2.00", "learning_objectives": ["Design simple online ads", "Target local customers", "Track ad performance", "Optimize advertising budget"], "required_materials": ["Android smartphone", "Business photos and videos", "Advertising budget planning sheet", "Local market research data"], "points_value": 70}}, {"model": "riders.trainingsession", "pk": 27, "fields": {"module": 8, "session_number": 4, "title": "Building Online Reputation", "description": "Manage online reviews, build trust, and maintain digital presence", "duration_hours": "1.50", "learning_objectives": ["Encourage positive reviews", "Respond to customer feedback", "Build trust and credibility", "Maintain consistent online presence"], "required_materials": ["Android smartphone", "Review platform examples", "Response templates for reviews", "Brand consistency guidelines"], "points_value": 50}}, {"model": "riders.trainingsession", "pk": 28, "fields": {"module": 8, "session_number": 5, "title": "Business Analytics and Growth", "description": "Track business performance and plan growth using digital tools", "duration_hours": "1.50", "learning_objectives": ["Track social media metrics", "Analyze customer behavior", "Plan business growth strategies", "Use data for decision making"], "required_materials": ["Android smartphone", "Analytics apps and tools", "Business performance tracking sheets", "Growth planning templates"], "points_value": 25}}, {"model": "riders.trainingsession", "pk": 29, "fields": {"module": 9, "session_number": 1, "title": "Internet Basics", "description": "Introduction to web browsing, search engines, and basic internet navigation", "duration_hours": "1.50", "learning_objectives": ["Open and use web browsers", "Perform basic internet searches", "Navigate between web pages", "Bookmark useful websites"], "required_materials": ["Android smartphone", "Wi-Fi or data connection", "List of useful websites", "Search practice exercises"], "points_value": 35}}, {"model": "riders.trainingsession", "pk": 30, "fields": {"module": 9, "session_number": 2, "title": "Email and Communication", "description": "Create and manage email accounts, send messages, and handle attachments", "duration_hours": "2.00", "learning_objectives": ["Create email account", "Send and receive emails", "Organize email folders", "Handle email attachments"], "required_materials": ["Android smartphone", "Internet connection", "Email practice templates", "File attachment examples"], "points_value": 50}}, {"model": "riders.trainingsession", "pk": 31, "fields": {"module": 9, "session_number": 3, "title": "Online Safety and Privacy", "description": "Protect personal information and recognize online threats", "duration_hours": "1.50", "learning_objectives": ["Create strong passwords", "Recognize phishing attempts", "Protect personal information", "Use secure websites"], "required_materials": ["Android smartphone", "Password manager app", "Phishing example scenarios", "Privacy settings checklists"], "points_value": 45}}, {"model": "riders.trainingsession", "pk": 32, "fields": {"module": 9, "session_number": 4, "title": "Government and Business Services", "description": "Access online government services and business platforms", "duration_hours": "1.50", "learning_objectives": ["Access government online services", "Use business platforms", "Submit digital applications", "Track service requests"], "required_materials": ["Android smartphone", "Government service websites", "Digital ID or account credentials", "Service application examples"], "points_value": 50}}, {"model": "riders.sessionschedule", "pk": 1, "fields": {"session": 1, "trainer": 7, "scheduled_date": "2025-09-21T02:53:48.610Z", "location_name": "Kampala Community Center", "location_address": "Plot 123, Kampala Road, Central Division, Kampala", "gps_latitude": "0.34760000", "gps_longitude": "32.58250000", "capacity": 20, "status": "SCHEDULED", "notes": "", "created_at": "2025-09-14T02:53:48.617Z"}}, {"model": "riders.sessionschedule", "pk": 2, "fields": {"session": 1, "trainer": 6, "scheduled_date": "2025-09-21T05:53:48.610Z", "location_name": "Kampala Community Center", "location_address": "Plot 123, Kampala Road, Central Division, Kampala", "gps_latitude": "0.34760000", "gps_longitude": "32.58250000", "capacity": 20, "status": "SCHEDULED", "notes": "", "created_at": "2025-09-14T02:53:48.639Z"}}, {"model": "riders.sessionschedule", "pk": 3, "fields": {"session": 2, "trainer": 7, "scheduled_date": "2025-09-23T02:53:48.610Z", "location_name": "Makerere University ICT Lab", "location_address": "Makerere University, Kampala", "gps_latitude": "0.33540000", "gps_longitude": "32.56560000", "capacity": 20, "status": "SCHEDULED", "notes": "", "created_at": "2025-09-14T02:53:48.650Z"}}, {"model": "riders.sessionschedule", "pk": 4, "fields": {"session": 2, "trainer": 6, "scheduled_date": "2025-09-23T05:53:48.610Z", "location_name": "Makerere University ICT Lab", "location_address": "Makerere University, Kampala", "gps_latitude": "0.33540000", "gps_longitude": "32.56560000", "capacity": 20, "status": "SCHEDULED", "notes": "", "created_at": "2025-09-14T02:53:48.661Z"}}, {"model": "riders.sessionschedule", "pk": 5, "fields": {"session": 3, "trainer": 7, "scheduled_date": "2025-09-25T02:53:48.610Z", "location_name": "Nakawa Digital Hub", "location_address": "Industrial Area, Nakawa Division, Kampala", "gps_latitude": "0.33540000", "gps_longitude": "32.61490000", "capacity": 20, "status": "SCHEDULED", "notes": "", "created_at": "2025-09-14T02:53:48.672Z"}}, {"model": "riders.sessionschedule", "pk": 6, "fields": {"session": 3, "trainer": 6, "scheduled_date": "2025-09-25T05:53:48.610Z", "location_name": "Nakawa Digital Hub", "location_address": "Industrial Area, Nakawa Division, Kampala", "gps_latitude": "0.33540000", "gps_longitude": "32.61490000", "capacity": 20, "status": "SCHEDULED", "notes": "", "created_at": "2025-09-14T02:53:48.683Z"}}, {"model": "riders.sessionschedule", "pk": 7, "fields": {"session": 4, "trainer": 7, "scheduled_date": "2025-09-27T02:53:48.610Z", "location_name": "Kampala Community Center", "location_address": "Plot 123, Kampala Road, Central Division, Kampala", "gps_latitude": "0.34760000", "gps_longitude": "32.58250000", "capacity": 20, "status": "SCHEDULED", "notes": "", "created_at": "2025-09-14T02:53:48.694Z"}}, {"model": "riders.sessionschedule", "pk": 8, "fields": {"session": 4, "trainer": 6, "scheduled_date": "2025-09-27T05:53:48.610Z", "location_name": "Kampala Community Center", "location_address": "Plot 123, Kampala Road, Central Division, Kampala", "gps_latitude": "0.34760000", "gps_longitude": "32.58250000", "capacity": 20, "status": "SCHEDULED", "notes": "", "created_at": "2025-09-14T02:53:48.706Z"}}, {"model": "riders.sessionschedule", "pk": 9, "fields": {"session": 1, "trainer": 7, "scheduled_date": "2025-09-15T08:09:59.170Z", "location_name": "Nakawa Stage", "location_address": "Nakawa Division, Kampala", "gps_latitude": "0.34760000", "gps_longitude": "32.61310000", "capacity": 25, "status": "SCHEDULED", "notes": "", "created_at": "2025-09-14T08:09:59.170Z"}}, {"model": "riders.sessionschedule", "pk": 10, "fields": {"session": 15, "trainer": 6, "scheduled_date": "2025-09-18T08:09:59.284Z", "location_name": "Wandegeya Stage", "location_address": "Wandegeya, Kampala", "gps_latitude": "0.33010000", "gps_longitude": "32.57310000", "capacity": 25, "status": "SCHEDULED", "notes": "", "created_at": "2025-09-14T08:09:59.285Z"}}, {"model": "riders.sessionschedule", "pk": 11, "fields": {"session": 16, "trainer": 5, "scheduled_date": "2025-09-21T08:09:59.295Z", "location_name": "Ntinda Stage", "location_address": "Ntinda, Kampala", "gps_latitude": "0.36410000", "gps_longitude": "32.61760000", "capacity": 25, "status": "SCHEDULED", "notes": "", "created_at": "2025-09-14T08:09:59.296Z"}}, {"model": "riders.sessionschedule", "pk": 12, "fields": {"session": 2, "trainer": 7, "scheduled_date": "2025-09-24T08:09:59.306Z", "location_name": "Nakawa Stage", "location_address": "Nakawa Division, Kampala", "gps_latitude": "0.34760000", "gps_longitude": "32.61310000", "capacity": 25, "status": "SCHEDULED", "notes": "", "created_at": "2025-09-14T08:09:59.306Z"}}, {"model": "riders.sessionschedule", "pk": 13, "fields": {"session": 5, "trainer": 6, "scheduled_date": "2025-09-27T08:09:59.317Z", "location_name": "Wandegeya Stage", "location_address": "Wandegeya, Kampala", "gps_latitude": "0.33010000", "gps_longitude": "32.57310000", "capacity": 25, "status": "SCHEDULED", "notes": "", "created_at": "2025-09-14T08:09:59.318Z"}}, {"model": "riders.sessionschedule", "pk": 14, "fields": {"session": 20, "trainer": 5, "scheduled_date": "2025-09-30T08:09:59.328Z", "location_name": "Ntinda Stage", "location_address": "Ntinda, Kampala", "gps_latitude": "0.36410000", "gps_longitude": "32.61760000", "capacity": 25, "status": "SCHEDULED", "notes": "", "created_at": "2025-09-14T08:09:59.329Z"}}, {"model": "riders.sessionattendance", "pk": 1, "fields": {"schedule": 14, "rider": 22, "registration_time": "2025-09-14T14:37:17.897Z", "check_in_time": "2025-09-14T14:37:17.897Z", "check_in_gps_latitude": "0.36410000", "check_in_gps_longitude": "32.61760000", "status": "REGISTERED", "trainer_notes": ""}}, {"model": "riders.attendanceverification", "pk": 1, "fields": {"attendance": 1, "rider_verified": true, "rider_verification_time": "2025-09-14T14:37:17.941Z", "trainer_verified": false, "trainer_verification_time": null, "trainer_id_entered": "EN-2025-0005", "distance_from_venue_meters": "0.00", "verification_notes": ""}}, {"model": "riders.stage", "pk": 1, "fields": {"stage_id": "STAGE001", "name": "Kampala Central Stage", "description": "Main boda boda stage in Kampala central business district", "address": "Buganda Road, Kampala Central", "district": "Kampala", "division": "Central Division", "parish": "Namirembe", "latitude": "0.31520000", "longitude": "32.58270000", "gps_radius": 100, "status": "ACTIVE", "capacity": 80, "training_capacity": 30, "stage_chairman": "John Mukasa", "chairman_phone": "+256701234567", "created_at": "2025-09-14T09:21:09.255Z", "updated_at": "2025-09-14T09:21:09.255Z"}}, {"model": "riders.stage", "pk": 2, "fields": {"stage_id": "STAGE002", "name": "Nakawa Stage", "description": "Busy stage serving Nakawa and surrounding areas", "address": "Nakawa Market, Kampala", "district": "Kampala", "division": "Nakawa Division", "parish": "Nakawa", "latitude": "0.34760000", "longitude": "32.61310000", "gps_radius": 100, "status": "ACTIVE", "capacity": 60, "training_capacity": 25, "stage_chairman": "Grace Nakamya", "chairman_phone": "+256702345678", "created_at": "2025-09-14T09:21:09.293Z", "updated_at": "2025-09-14T09:21:09.293Z"}}, {"model": "riders.stage", "pk": 3, "fields": {"stage_id": "STAGE003", "name": "Wandegeya Stage", "description": "Major stage near Makerere University", "address": "Wandegeya Market, Kampala", "district": "Kampala", "division": "Kawempe Division", "parish": "Wandegeya", "latitude": "0.33690000", "longitude": "32.56610000", "gps_radius": 100, "status": "ACTIVE", "capacity": 70, "training_capacity": 28, "stage_chairman": "Peter Ssali", "chairman_phone": "+256703456789", "created_at": "2025-09-14T09:21:09.304Z", "updated_at": "2025-09-14T09:21:09.304Z"}}, {"model": "riders.stage", "pk": 4, "fields": {"stage_id": "STAGE004", "name": "Ntinda Stage", "description": "Strategic stage serving Ntinda and Kyanja areas", "address": "Ntinda Shopping Complex, Kampala", "district": "Kampala", "division": "Nakawa Division", "parish": "Ntinda", "latitude": "0.36670000", "longitude": "32.61670000", "gps_radius": 100, "status": "ACTIVE", "capacity": 50, "training_capacity": 20, "stage_chairman": "Mary Namutebi", "chairman_phone": "+256704567890", "created_at": "2025-09-14T09:21:09.314Z", "updated_at": "2025-09-14T09:21:09.314Z"}}, {"model": "riders.stage", "pk": 5, "fields": {"stage_id": "STAGE005", "name": "Bugolobi Stage", "description": "Growing stage in the eastern suburbs", "address": "Bugolobi Trading Centre, Kampala", "district": "Kampala", "division": "Nakawa Division", "parish": "Bugolobi", "latitude": "0.34450000", "longitude": "32.62340000", "gps_radius": 100, "status": "ACTIVE", "capacity": 45, "training_capacity": 18, "stage_chairman": "David Kiwanuka", "chairman_phone": "+256705678901", "created_at": "2025-09-14T09:21:09.325Z", "updated_at": "2025-09-14T09:21:09.325Z"}}, {"model": "riders.stage", "pk": 6, "fields": {"stage_id": "STAGE006", "name": "Kabalagala Stage", "description": "Popular stage serving the nightlife district", "address": "Kabalagala, Kampala", "district": "Kampala", "division": "Makindye Division", "parish": "Kabalagala", "latitude": "0.29440000", "longitude": "32.58890000", "gps_radius": 100, "status": "ACTIVE", "capacity": 55, "training_capacity": 22, "stage_chairman": "Sarah Namugga", "chairman_phone": "+256706789012", "created_at": "2025-09-14T09:21:09.336Z", "updated_at": "2025-09-14T09:21:09.336Z"}}, {"model": "riders.stage", "pk": 7, "fields": {"stage_id": "STAGE007", "name": "Entebbe Stage", "description": "Main stage serving Entebbe municipality and airport area", "address": "Entebbe Main Market, Entebbe", "district": "Wakiso", "division": "Entebbe Municipality", "parish": "Entebbe Central", "latitude": "0.04740000", "longitude": "32.46350000", "gps_radius": 100, "status": "ACTIVE", "capacity": 40, "training_capacity": 16, "stage_chairman": "James Kato", "chairman_phone": "+256707890123", "created_at": "2025-09-14T09:21:09.347Z", "updated_at": "2025-09-14T09:21:09.347Z"}}, {"model": "riders.stage", "pk": 8, "fields": {"stage_id": "STAGE008", "name": "Mukono Stage", "description": "Regional stage serving Mukono town and surrounding areas", "address": "Mukono Central Market, Mukono", "district": "Mukono", "division": "Mukono Municipality", "parish": "Mukono Central", "latitude": "0.35330000", "longitude": "32.75560000", "gps_radius": 100, "status": "ACTIVE", "capacity": 65, "training_capacity": 26, "stage_chairman": "Agnes Nalwoga", "chairman_phone": "+256708901234", "created_at": "2025-09-14T09:21:09.377Z", "updated_at": "2025-09-14T09:21:09.377Z"}}]